{
    "discounted_return": [
        -0.09669203506717754,
        -0.030000000000000023,
        0.0,
        0.0,
        -0.07887000000000009,
        -0.17210148864331587,
        -0.024299999999999992,
        0.0,
        -0.12789054293701782,
        0.0,
        0.0
    ],
    "learning_episode": [
        0,
        7,
        14,
        20,
        27,
        33,
        40,
        46,
        53,
        59,
        66
    ],
    "learning_steps": [
        0,
        650,
        1300,
        1950,
        2600,
        3250,
        3900,
        4550,
        5200,
        5850,
        6500
    ],
    "learning_time": [
        0,
        3.2058165000000005,
        6.5203911,
        10.4585398,
        14.3389272,
        18.4719269,
        23.8834587,
        27.6580955,
        31.2892448,
        36.0481609,
        39.5599525
    ],
    "num_features": [
        81,
        81,
        81,
        81,
        81,
        81,
        81,
        81,
        81,
        81,
        81
    ],
    "return": [
        -0.7148000000000007,
        -0.030000000000000023,
        0.0,
        0.0,
        -0.08999999999999994,
        -1.5300000000000011,
        -0.030000000000000023,
        0.0,
        -1.47,
        0.0,
        0.0
    ],
    "seed": 1,
    "steps": [
        99.68,
        100.0,
        100.0,
        100.0,
        100.0,
        100.0,
        100.0,
        100.0,
        100.0,
        100.0,
        100.0
    ],
    "terminated": [
        0.04,
        0.0,
        0.0,
        0.0,
        0.0,
        0.0,
        0.0,
        0.0,
        0.0,
        0.0,
        0.0
    ]
}