{
    "discounted_return": [
        -0.010000000000000004,
        -0.010000000000000004,
        -0.009999999999997735,
        -0.00949162425043404,
        0.0013199550358952111,
        0.003449565608902294,
        0.0036862177703996424,
        0.003081597768609014,
        0.003538420636676811,
        0.002759238282002367,
        0.001836578532888235
    ],
    "learning_episode": [
        0,
        1,
        2,
        3,
        9,
        28,
        46,
        66,
        85,
        104,
        122
    ],
    "learning_steps": [
        0,
        1000,
        2000,
        3000,
        4000,
        5000,
        6000,
        7000,
        8000,
        9000,
        10000
    ],
    "learning_time": [
        0,
        189.8413731,
        366.0104793,
        542.3588858999999,
        722.2661350999998,
        905.1591002999997,
        1064.6474231999996,
        1239.8865986999995,
        1417.0850188999996,
        1595.6687237999997,
        1774.8853404999998
    ],
    "num_features": [
        121,
        121,
        121,
        121,
        121,
        121,
        121,
        121,
        121,
        121,
        121
    ],
    "return": [
        -0.8792200000000002,
        -1.0000000000000002,
        -0.8402400000000003,
        0.86808,
        0.9543999999999998,
        0.9561200000000004,
        0.9563599999999998,
        0.9563600000000002,
        0.9568800000000002,
        0.95608,
        0.9558000000000001
    ],
    "seed": 1,
    "steps": [
        979.32,
        1000.0,
        960.36,
        132.92,
        46.6,
        44.88,
        44.64,
        44.64,
        44.12,
        44.92,
        45.2
    ],
    "terminated": [
        0.1,
        0.0,
        0.12,
        1.0,
        1.0,
        1.0,
        1.0,
        1.0,
        1.0,
        1.0,
        1.0
    ]
}