{
    "discounted_return": [
        -0.09669203506717754,
        0.0,
        0.0,
        0.0,
        0.0,
        0.0,
        0.0,
        0.0,
        0.0,
        0.0,
        0.0
    ],
    "learning_episode": [
        0,
        11,
        21,
        31,
        41,
        51,
        61,
        71,
        81,
        91,
        101
    ],
    "learning_steps": [
        0,
        1000,
        2000,
        3000,
        4000,
        5000,
        6000,
        7000,
        8000,
        9000,
        10000
    ],
    "learning_time": [
        0,
        3.3543085,
        6.9419969,
        11.9347563,
        16.091430199999998,
        20.470890999999998,
        26.3233821,
        30.951150300000002,
        35.870174199999994,
        42.573367899999994,
        47.9040633
    ],
    "num_features": [
        81,
        81,
        81,
        81,
        81,
        81,
        81,
        81,
        81,
        81,
        81
    ],
    "return": [
        -0.7148000000000007,
        0.0,
        0.0,
        0.0,
        0.0,
        0.0,
        0.0,
        0.0,
        0.0,
        0.0,
        0.0
    ],
    "seed": 1,
    "steps": [
        99.68,
        100.0,
        100.0,
        100.0,
        100.0,
        100.0,
        100.0,
        100.0,
        100.0,
        100.0,
        100.0
    ],
    "terminated": [
        0.04,
        0.0,
        0.0,
        0.0,
        0.0,
        0.0,
        0.0,
        0.0,
        0.0,
        0.0,
        0.0
    ]
}